pathway,pval,padj,log2err,ES,NES,size,leadingEdge
ECM Regulators,0.00216846062743036,0.0130107637645822,0.431707695803346,0.368810818173575,1.5865337422495,129,SERPINE2,MMP2,HTRA1,SERPINB2,TGM2,CTSF,SERPING1,PLAU,FAM20C,CTSB,CTSD,CD109,CTSO,PLAT,MMP17,CTSA,P4HA3,ADAM22,PRSS12,MMP16,ADAMTS10,CTSS,ADAM32
ECM Glycoproteins,0.0141658422718296,0.0424975268154887,0.380730400722792,0.334128247113842,1.42455798055993,122,TGFBI,FN1,MXRA5,NOV,MFAP2,CTHRC1,TNC,CTGF,LTBP2,IGFBP2,HMCN1,FBN1,NID1,ECM1,VWDE,SPON2,EFEMP1,FBLN1,WISP2,IGFBP6,FBLN7,IGFBP7,CILP2,FBLN2,THSD4,LAMA4,SRPX2,LAMB4,AEBP1
Secreted Factors,0.0474308300395257,0.0948616600790514,0.294066672318865,0.308439794827847,1.34563551424841,143,SFRP1,ANGPTL2,CCL2,SFRP2,TGFB1,CXCL1,PTN,MEGF9,VEGFC,CBLN2,CXCL12,VEGFA,IL1B,TNFSF10,S100A10,MEGF8,INHBA,CHRDL1,S100A1,IL11,TGFB3,WNT5A,VEGFB,PIK3IP1,MDK,PDGFC,ZFP91,PDGFD,NRG2,FGF5,CCL5,CXCL11,S100A6,CSF1,ANGPTL1,FGFBP3
ECM-affiliated Proteins,0.093812375249501,0.140718562874251,0.206587922696891,-0.312885775012663,-1.26948928965032,79,ANXA3,SEMA5A,SEMA3B,SEMA3D,PLXNA1,PLXNB1,PLXNB3,GPC1,SDC2,PLXNB2,PLXNA3,ANXA2,SDC1
Collagens,0.342574257425743,0.411089108910891,0.0999276973731092,-0.320069366199587,-1.0849679529395,35,COL12A1,COL4A5,COL11A1,COL4A6,COL8A1,COL4A3,COL5A2,COL27A1,COL7A1
Proteoglycans,0.529896907216495,0.529896907216495,0.0776798560117236,0.354980131024477,0.959808488710125,15,BGN,SPOCK3,SPOCK1,PODNL1,FMOD
